"","Entry","-30","-29","-28","-27","-26","-25","-24","-23","-22","-21","-20","-19","-18","-17","-16","-15","-14","-13","-12","-11","-10","-9","-8","-7","-6","-5","-4","-3","-2","-1","0","1","2","3","4","5","6","7","8","9","10","11","12","13","14","15","16","17","18","19","20","21","22","23","24","25","26","27","28","29","30","meanExp"
"1","O14757",0,0,1,0,1,1,1,1,1,1,1,1,0,0,0,0,0,0,1,1,1,1,1,1,1,1,1,1,1,0,1,1,0,0,1,0,0,1,1,0,1,0,1,0,0,0,0,0,0,1,0,0,1,1,1,1,0,0,0,0,0,0.55672268907563
"2","O14757",0,1,0,0,0,0,0,0,0,1,1,0,1,0,0,0,0,0,0,0,0,0,1,1,0,1,1,1,1,1,1,1,0,0,1,0,0,0,0,0,0,0,0,0,0,0,0,0,0,1,1,1,1,0,1,1,1,1,0,0,0,0.55672268907563
"3","O14757",0,0,0,0,0,0,0,1,1,0,1,0,0,0,0,0,0,0,0,0,1,1,0,1,1,1,1,1,1,1,0,0,1,0,0,0,0,0,0,0,0,0,0,0,0,0,0,1,1,1,1,0,1,1,1,1,0,0,0,0,0,0.55672268907563
"4","O14757",0,1,1,0,1,1,1,1,1,1,1,0,0,1,0,0,0,0,0,0,0,0,0,0,0,0,0,0,1,1,1,1,0,1,1,1,1,0,0,0,0,0,0,0,0,0,0,0,0,0,0,0,0,0,0,0,0,1,1,1,1,0.55672268907563
"5","O14757",1,1,1,1,0,1,1,1,1,1,1,1,1,1,1,1,1,0,1,1,1,1,1,1,1,1,1,0,1,1,0,1,1,1,0,1,1,1,1,1,1,1,1,1,1,1,1,1,1,1,1,1,1,1,1,1,1,1,1,1,1,0.55672268907563
"6","P00503",1,0,1,1,1,1,0,0,1,0,0,0,1,0,0,1,0,1,1,1,1,0,0,0,1,1,0,0,1,0,0,0,0,0,0,1,1,0,1,1,1,1,1,1,0,0,1,0,1,0,0,1,1,0,0,1,0,0,0,1,0,0.36319612590799
"7","P00503",1,1,0,0,1,0,1,0,0,1,1,0,0,1,0,0,0,1,0,0,1,1,1,1,1,1,1,0,1,1,1,1,0,0,0,0,0,0,0,1,0,0,0,0,0,0,0,0,0,0,0,0,0,0,0,0,0,0,0,0,1,0.36319612590799
"8","P00503",0,0,0,0,0,0,0,0,0,0,0,0,0,0,0,0,0,0,0,0,1,1,0,0,1,1,0,1,1,0,0,1,0,0,1,1,0,0,0,0,0,0,0,0,0,0,0,0,0,0,0,0,0,0,0,0,0,1,1,1,1,0.36319612590799
"9","P00503",0,0,0,0,0,0,0,0,0,0,0,0,0,1,1,1,0,0,1,0,0,0,1,0,0,1,1,0,0,1,1,0,1,NA,NA,NA,NA,NA,NA,NA,NA,NA,NA,NA,NA,NA,NA,NA,NA,NA,NA,NA,NA,NA,NA,NA,NA,NA,NA,NA,NA,0.36319612590799
"10","P01106",0,0,0,1,1,1,1,1,0,0,1,1,1,1,1,1,1,1,1,0,0,1,1,1,1,1,0,0,1,1,0,1,0,0,1,0,0,0,0,0,0,1,1,1,1,1,1,1,1,1,1,0,0,0,0,0,0,0,0,0,1,0.685649202733485
"11","P01106",1,1,1,1,1,1,0,1,1,1,1,1,1,1,1,1,1,1,1,1,1,1,1,1,1,0,0,1,0,1,1,1,1,1,1,1,1,1,1,1,1,1,1,1,1,1,0,0,0,1,1,1,0,1,1,1,1,0,1,1,1,0.685649202733485
"12","P01106",1,1,1,1,1,1,1,1,1,1,0,1,1,1,1,1,1,1,1,1,1,1,1,0,1,1,1,0,1,1,0,1,1,1,0,0,1,1,0,1,1,0,0,1,1,0,1,1,0,0,0,1,0,1,1,1,1,1,0,1,1,0.685649202733485
"13","P01106",1,1,1,1,1,1,1,1,1,0,1,1,1,1,1,1,1,1,1,1,1,1,0,1,1,1,0,1,1,0,1,1,1,0,0,1,1,0,1,1,0,0,1,1,0,1,1,0,0,0,1,0,1,1,1,1,1,0,1,1,0,0.685649202733485
"14","P01106",1,1,0,1,1,1,1,1,1,1,1,1,1,1,1,0,1,1,1,0,1,1,0,1,1,1,0,0,1,1,0,1,1,0,0,1,1,0,1,1,0,0,0,1,0,1,1,1,1,1,0,1,1,0,1,0,0,1,1,0,0,0.685649202733485
"15","P01106",1,0,1,1,1,1,1,0,1,1,0,1,0,0,1,1,0,0,1,0,0,1,1,0,1,1,1,1,1,1,0,1,1,1,0,1,1,0,1,1,1,0,1,1,0,1,1,1,0,1,1,0,1,1,1,1,1,NA,NA,NA,NA,0.685649202733485
"16","P01106",0,1,1,0,1,0,0,1,1,0,0,1,0,0,1,1,0,1,1,1,1,1,1,0,1,1,1,0,1,1,0,1,1,1,0,1,1,0,1,1,1,0,1,1,0,1,1,1,1,1,NA,NA,NA,NA,NA,NA,NA,NA,NA,NA,NA,0.685649202733485
"17","P04156",1,1,1,0,0,1,0,0,0,0,1,1,0,1,1,1,1,1,1,1,1,0,0,1,1,0,0,1,0,0,0,1,1,0,1,0,1,1,1,1,1,1,1,1,0,1,1,0,1,0,1,0,0,1,1,0,0,1,1,0,0,0.434782608695652
"18","P04156",0,1,0,0,0,1,1,0,1,0,1,1,1,1,1,1,1,1,0,1,1,0,1,0,1,0,0,1,1,0,0,1,1,0,0,0,1,1,0,1,1,0,1,1,0,0,1,1,1,1,1,0,0,1,0,0,0,1,0,0,0,0.434782608695652
"19","P04637",0,0,1,0,0,1,1,0,1,1,1,1,1,1,1,1,1,1,0,0,1,0,0,0,0,0,0,1,1,1,1,0,1,0,0,1,0,1,1,1,0,0,0,0,0,0,0,0,0,1,1,0,1,1,1,1,1,0,0,0,0,0.631043256997455
"20","P04637",1,1,1,1,1,1,1,1,1,1,1,1,1,1,0,0,0,0,1,0,1,0,1,1,0,0,1,0,0,0,1,0,0,1,0,0,1,0,0,1,0,0,1,1,1,1,1,1,1,1,1,1,1,0,1,1,1,1,1,1,1,0.631043256997455
"21","P05064",NA,NA,NA,NA,NA,NA,NA,NA,NA,NA,NA,NA,NA,NA,NA,NA,NA,1,1,1,1,0,1,1,0,1,1,1,0,0,1,1,0,1,1,0,0,1,1,0,0,1,1,1,1,0,0,0,0,0,0,1,1,1,1,1,0,1,1,0,0,0.46978021978022
"22","P05064",0,0,0,0,0,0,1,1,1,1,1,0,1,1,0,0,1,1,0,1,0,1,0,0,1,1,0,0,1,0,0,0,1,0,0,0,1,0,1,1,0,0,1,1,0,0,0,0,0,0,0,0,1,0,0,0,1,0,1,0,1,0.46978021978022
"23","P05064",1,0,0,1,1,0,0,0,0,0,0,0,0,1,0,0,0,1,0,1,0,1,1,1,1,1,0,1,1,0,0,1,1,1,1,0,0,0,0,0,1,0,1,1,1,0,0,1,0,1,1,0,1,1,0,1,0,0,1,1,0,0.46978021978022
"24","P05064",0,0,1,0,0,0,1,0,1,0,1,1,1,1,1,0,1,1,0,0,1,1,1,1,0,0,0,0,0,1,0,1,1,1,0,0,1,0,1,1,0,1,1,0,1,0,0,1,1,0,1,1,0,0,1,0,0,1,1,0,1,0.46978021978022
"25","P05067",0,0,0,0,0,0,1,0,0,1,1,0,0,1,0,0,1,0,0,0,1,0,0,1,1,1,1,1,1,1,1,1,1,1,1,1,1,1,0,1,1,1,0,1,1,0,0,1,0,1,0,1,1,1,1,1,0,0,1,1,0,0.622077922077922
"26","P05067",0,0,0,0,0,1,0,0,0,1,1,1,1,1,0,1,1,0,1,1,1,1,0,1,1,0,0,0,1,0,0,1,1,0,1,1,NA,NA,NA,NA,NA,NA,NA,NA,NA,NA,NA,NA,NA,NA,NA,NA,NA,NA,NA,NA,NA,NA,NA,NA,NA,0.622077922077922
"27","P11974",1,1,0,0,0,0,0,0,0,0,0,1,1,0,1,0,0,0,0,1,0,1,1,1,1,1,0,1,0,1,0,1,1,1,1,1,0,0,0,0,0,1,1,1,1,1,1,1,1,1,1,1,0,0,0,0,1,0,1,1,0,0.433145009416196
"28","P11974",1,1,0,1,0,0,1,1,0,0,0,0,0,0,1,0,1,0,1,0,1,0,0,0,1,1,0,1,1,0,0,1,0,0,0,1,1,1,0,1,0,0,0,0,0,0,0,1,1,1,1,0,0,1,1,0,1,1,0,0,1,0.433145009416196
"29","P11974",0,0,0,0,0,0,0,0,0,0,0,0,0,0,0,0,1,1,0,1,1,1,1,1,1,1,1,0,1,1,0,0,1,1,0,0,1,0,0,1,1,1,1,0,0,1,1,1,0,0,0,0,0,0,0,0,0,1,1,1,1,0.433145009416196
"30","P13693",NA,NA,NA,NA,NA,NA,NA,NA,NA,NA,1,1,0,0,1,0,0,0,0,1,1,0,0,0,0,0,0,0,1,0,1,1,1,1,1,0,0,0,0,0,0,1,0,1,1,0,1,1,1,1,1,1,0,1,0,0,0,0,0,0,0,0.505813953488372
"31","P14152",0,1,1,0,0,1,0,0,1,1,0,0,0,0,0,0,0,0,0,0,1,1,1,1,1,1,1,0,0,1,0,0,1,1,0,0,1,0,0,1,1,0,0,1,1,0,0,1,1,0,1,1,0,0,0,0,0,0,0,0,0,0.37125748502994
"32","P14152",1,0,0,0,0,0,0,0,0,0,0,1,1,1,1,1,1,1,0,0,1,0,0,1,1,0,0,1,0,0,1,1,0,0,1,1,0,0,1,1,0,1,1,0,0,0,0,0,0,0,0,0,0,0,0,0,0,0,0,0,0,0.37125748502994
"33","P37377",0,1,1,0,0,1,0,0,1,1,0,0,1,1,0,1,1,1,0,1,1,0,0,1,1,0,1,1,0,1,1,1,1,1,1,1,1,1,1,1,1,1,1,1,1,1,1,1,1,1,1,1,1,1,1,1,1,1,0,1,1,0.707142857142857
"34","P43883",0,0,1,0,0,0,1,0,0,0,0,0,0,0,0,0,0,0,0,0,1,1,1,1,1,1,1,1,1,1,1,1,1,1,1,1,1,1,1,1,NA,NA,NA,NA,NA,NA,NA,NA,NA,NA,NA,NA,NA,NA,NA,NA,NA,NA,NA,NA,NA,0.538823529411765
"35","P46406",0,0,0,0,1,0,0,1,0,1,1,1,1,0,0,0,0,0,0,0,0,0,0,0,0,0,0,0,0,0,0,0,0,0,0,1,0,0,0,1,1,1,NA,NA,NA,NA,NA,NA,NA,NA,NA,NA,NA,NA,NA,NA,NA,NA,NA,NA,NA,0.324324324324324
"36","P51174",0,0,0,0,0,0,0,0,0,0,0,0,0,0,0,0,0,0,0,0,0,0,1,0,0,1,1,1,0,0,1,1,0,0,1,1,0,0,1,0,1,0,0,0,0,0,0,0,0,0,1,1,0,1,0,1,0,1,0,0,1,0.348837209302326
"37","P51174",0,0,1,1,0,1,0,0,1,1,0,0,0,0,1,1,1,1,0,0,1,0,0,0,1,0,0,1,1,0,0,0,0,0,0,0,0,0,0,0,0,0,0,0,0,0,1,0,0,0,1,0,0,1,1,0,1,1,1,1,1,0.348837209302326
"38","P61587",0,0,0,0,1,1,1,0,1,1,1,0,1,1,0,0,0,0,0,0,1,1,1,0,1,1,1,1,1,1,0,0,0,0,0,0,0,0,0,0,0,1,1,0,1,1,0,0,1,0,0,0,1,1,0,0,0,0,0,0,0,0.569672131147541
"39","P61587",1,1,1,1,1,1,1,1,1,1,1,1,1,1,1,1,1,1,1,1,1,1,1,1,1,1,1,1,1,1,1,1,1,1,1,1,0,0,0,0,NA,NA,NA,NA,NA,NA,NA,NA,NA,NA,NA,NA,NA,NA,NA,NA,NA,NA,NA,NA,NA,0.569672131147541
"40","P61823",1,1,0,0,0,1,0,0,0,0,0,0,0,0,0,0,0,1,0,1,1,1,1,1,1,1,0,1,1,0,1,1,1,0,0,0,0,1,1,1,1,1,1,1,1,1,0,0,1,1,0,0,1,1,0,1,0,1,1,1,1,0.546666666666667
"41","Q00987",0,1,1,0,1,1,1,1,1,1,0,0,1,1,1,1,1,1,1,1,1,1,1,1,1,1,1,1,1,1,1,1,1,1,1,1,1,1,1,1,1,1,1,1,1,1,1,1,1,1,1,1,1,1,1,1,1,1,1,1,1,0.761710794297352
"42","Q00987",1,1,0,1,1,1,1,1,1,0,0,1,1,1,1,1,1,1,1,1,1,1,1,1,1,1,1,1,1,1,1,1,1,1,1,1,1,1,1,1,1,1,1,1,1,1,1,1,1,1,1,1,1,1,1,1,1,1,1,1,1,0.761710794297352
"43","Q13148",0,0,0,0,1,0,1,1,1,0,1,1,1,1,0,1,1,0,0,1,1,0,1,1,0,0,1,0,0,0,0,1,0,1,1,1,1,1,1,1,0,0,0,0,0,1,0,1,1,1,1,1,0,1,1,0,0,1,1,1,1,0.439613526570048
"44","Q13148",0,0,1,0,1,1,1,0,1,1,1,1,0,1,1,0,0,1,1,0,1,1,0,0,1,0,0,0,0,1,0,1,1,1,1,1,1,1,0,0,0,0,0,1,0,1,1,1,1,1,0,1,1,0,0,1,1,1,1,1,1,0.439613526570048
"45","Q3TBT3",0,0,0,0,0,0,0,0,0,0,0,0,0,1,0,1,1,0,0,1,0,0,0,0,0,0,0,1,1,1,1,0,1,0,0,0,0,0,0,0,0,0,0,0,0,0,0,1,0,0,0,1,1,0,1,1,0,0,1,1,0,0.425925925925926
"46","Q3TBT3",0,1,1,0,1,1,0,1,1,0,0,0,0,0,0,0,1,1,1,1,1,1,1,1,1,1,0,0,1,0,0,0,1,0,0,1,1,1,1,1,1,1,0,0,0,1,1,1,1,1,1,1,1,1,1,1,1,1,0,0,1,0.425925925925926
"47","Q64521",0,0,0,1,0,0,0,0,0,0,1,1,0,0,0,0,0,0,0,0,0,0,0,0,0,0,0,0,0,1,0,0,1,1,0,0,0,0,0,0,0,1,0,0,1,0,0,0,0,0,0,1,1,0,1,1,0,0,1,0,0,0.451169188445667
"48","Q64521",0,0,0,0,0,0,1,1,0,0,0,1,0,1,1,0,1,1,1,1,0,1,1,1,0,1,0,0,1,1,1,0,0,0,0,0,0,0,0,0,0,0,0,0,0,0,0,0,0,0,0,0,0,0,0,0,0,0,1,0,0,0.451169188445667
"49","Q64521",0,0,0,0,0,1,1,0,0,0,1,0,1,1,0,1,1,1,1,0,1,1,1,0,1,0,0,1,1,1,0,0,0,0,0,0,0,0,0,0,0,0,0,0,0,0,0,0,0,0,0,0,0,0,0,0,0,1,0,0,0,0.451169188445667
"50","Q64521",1,0,0,0,0,0,0,1,1,1,1,1,1,0,1,1,0,0,1,0,0,0,1,1,0,1,0,0,1,1,1,0,1,1,1,0,1,1,0,0,1,0,0,1,1,1,0,0,1,1,0,1,1,1,1,1,1,1,1,0,1,0.451169188445667
"51","Q64521",1,1,1,0,1,1,1,1,1,1,1,0,1,0,0,1,1,1,1,1,1,0,0,0,0,1,0,0,1,1,0,0,1,1,1,1,1,1,0,1,1,1,1,0,1,1,0,0,1,1,0,0,1,1,1,1,0,1,0,0,0,0.451169188445667
"52","Q64521",0,0,0,1,0,0,1,1,0,1,1,1,1,1,1,1,1,0,0,1,1,0,0,1,1,0,1,1,1,1,1,1,1,1,1,0,1,0,1,1,1,1,1,1,1,NA,NA,NA,NA,NA,NA,NA,NA,NA,NA,NA,NA,NA,NA,NA,NA,0.451169188445667
"53","Q99497",0,1,1,1,1,1,0,0,0,0,0,0,0,0,0,0,0,0,0,1,1,0,1,1,0,1,1,0,0,1,0,0,1,1,0,0,1,1,0,1,0,0,0,0,0,0,0,0,0,0,0,0,0,1,0,1,0,0,1,1,0,0.35978835978836
"54","Q99497",1,1,1,1,0,0,0,0,0,0,0,0,0,0,0,0,0,1,1,0,1,1,0,1,1,0,0,1,0,0,1,1,0,0,1,1,0,1,0,0,0,0,0,0,0,0,0,0,0,0,0,1,0,1,0,0,1,1,0,1,0,0.35978835978836
"55","Q99497",1,0,0,1,1,0,1,0,0,0,0,0,1,0,0,1,0,0,1,1,0,1,1,1,0,0,1,1,1,1,0,0,1,1,1,1,0,0,0,0,0,0,0,0,0,0,0,0,0,0,0,0,0,0,1,1,0,0,1,1,1,0.35978835978836
"56","Q9CZU6",1,1,0,0,1,1,0,0,1,1,1,1,1,0,0,0,0,0,1,1,0,1,1,1,1,1,0,1,1,0,1,1,1,0,1,1,1,0,1,1,1,0,1,1,0,1,1,0,1,1,1,1,0,1,1,1,0,1,1,0,1,0.400862068965517
"57","Q9CZU6",0,1,1,0,1,1,1,1,1,0,1,1,0,1,1,1,0,1,1,1,0,1,1,1,0,1,1,0,1,1,0,1,1,1,1,0,1,1,1,0,1,1,0,1,0,0,1,1,0,1,0,0,1,0,0,1,0,0,0,0,1,0.400862068965517
"58","Q9CZU6",1,1,1,1,0,0,0,1,0,0,0,1,0,0,1,1,0,0,1,1,1,1,1,0,1,0,0,1,1,0,0,1,0,0,1,1,0,0,1,1,0,1,1,1,1,1,0,0,0,0,0,0,0,0,0,0,0,0,0,0,0,0.400862068965517
"59","Q9DBG1",0,0,0,0,1,0,0,1,1,0,1,1,1,1,1,1,0,0,1,0,0,1,1,0,0,1,0,0,1,1,0,0,1,1,0,0,1,1,0,1,1,1,1,1,1,1,1,1,1,0,1,0,0,1,0,0,0,1,1,0,1,0.405253283302064
"60","Q9DBG1",1,0,0,0,0,0,0,0,0,0,1,0,0,0,0,0,1,1,0,0,1,0,0,0,0,0,0,0,0,0,0,0,0,0,0,1,0,1,0,1,1,1,1,1,1,0,1,1,1,0,1,0,0,0,0,0,1,1,1,0,1,0.405253283302064
"61","Q9DBG5",1,0,0,0,1,0,0,1,0,0,0,1,1,0,1,1,0,0,1,0,0,1,1,0,0,0,1,0,0,1,1,0,1,1,1,0,1,0,0,1,1,0,0,1,1,0,0,1,1,0,1,1,0,0,1,1,0,0,1,1,0,0.533180778032037
"62","Q9DBG5",1,1,1,1,1,1,1,1,1,1,1,1,1,1,1,1,1,1,1,0,0,1,0,0,1,1,0,0,1,1,0,0,1,0,0,0,1,1,0,0,1,1,0,1,1,0,1,1,1,0,1,1,0,0,1,0,0,0,1,0,0,0.533180778032037
